Manufacturer,Model,Year,Registration Status,Price,Mileage,Keys,Damage description,Transmission,Seats,Fuel Type,Link
Honda,Hr-v,2021,No,$0,,0.0," Front Damage, Impact Heavy - Front, Structural Damage, Selling De-Registered","Automatic,",5.0,Petrol,https://manheim.co.nz/damaged-vehicles/000000000007000000/2021-honda-hr-v-active-1-8p-cvt-station-wagon?referringPage=SearchResults
Toyota,Avensis,2006,No,$0,,0.0," Right Front Damage, Impact Heavy - Front, Impact Heavy - Rear, Impact Heavy - Right Side, Structural Damage, Selling De-Registered","Automatic,",5.0,Petrol,https://manheim.co.nz/damaged-vehicles/000000000007000042/2006-toyota-avensis-sedan?referringPage=SearchResults
Toyota,Allion,2006,Yes,$0,,0.0," Ignition Damage, Vandalised - Interior, Stolen & Recovered, Selling Registered","Automatic,",5.0,Petrol,https://manheim.co.nz/damaged-vehicles/000000000007000043/2006-toyota-allion-a18-sedan?referringPage=SearchResults
Nissan,Tiida,2006,No,$625,,0.0," Right Rear Damage, Impact Heavy - Rear, Impact Heavy - Left Side, Impact Heavy - Right Side, Structural Damage, Selling De-Registered","Automatic,",5.0,Petrol,https://manheim.co.nz/damaged-vehicles/000000000007000048/2006-nissan-tiida-hatch?referringPage=SearchResults
PATCHELL,3SH,2003,No,$0,,, Selling De-Registered,,,,https://manheim.co.nz/damaged-vehicles/000000000006620287/2003-patchell-3sh-mfea-log-trailer?referringPage=SearchResults
Ford,Focus,2003,No,$300,"106,764",0.0," Rear Damage, Impact Medium - Left Side, Structural Damage, Selling De-Registered","Automatic,",5.0,Petrol,https://manheim.co.nz/damaged-vehicles/000000000006990318/2003-ford-focus-focus-1-6-a-hatch-hatch?referringPage=SearchResults
Hyundai,Kona,2023,No,,"6,446",0.0," Front Damage, Impact Heavy - Front, Selling De-Registered","Automatic,",5.0,Petrol,https://manheim.co.nz/damaged-vehicles/000000000006970347/2023-hyundai-kona-2-0-2wd-2-0p-cvt-station-wagon?referringPage=SearchResults
Toyota,Camry,2013,No,$0,,1.0," Right Front Damage, Impact Heavy - Front, Structural Damage, Selling De-Registered","Automatic,",5.0,Hybrid,https://manheim.co.nz/damaged-vehicles/000000000007000380/2013-toyota-camry-sedan?referringPage=SearchResults
Subaru,Legacy,2006,Yes,,,, Selling Registered,,5.0,Petrol,https://manheim.co.nz/damaged-vehicles/000000000006970562/2006-subaru-legacy-station-wagon?referringPage=SearchResults
Mazda,Familia,1994,No,$200,"185,375",2.0," Front Damage, Impact Heavy - Front, Selling De-Registered","Manual,",5.0,Petrol,https://manheim.co.nz/damaged-vehicles/000000000006860649/1994-mazda-familia-sedan?referringPage=SearchResults
TRAILER,Elite 8X5,2021,No,$0,,0.0," Structural Damage, Stolen & Recovered, Selling De-Registered",,,,https://manheim.co.nz/damaged-vehicles/000000000007000681/2021-trailer-elite-8x5-trailer?referringPage=SearchResults
Mazda,CX-5,2015,No,$0,"119,277",0.0," Airbags Deployed, Has Key, Right Front Damage, Structural Damage, Selling De-Registered","Automatic,",5.0,Diesel,https://manheim.co.nz/damaged-vehicles/000000000006990736/2015-mazda-cx-5-station-wagon?referringPage=SearchResults
Mazda,Familia,2000,No,$400,"275,889",1.0," Right Front Damage, Impact Heavy - Right Side, Structural Damage, Selling De-Registered","4spd Automatic,",5.0,Petrol,https://manheim.co.nz/damaged-vehicles/000000000006990739/2000-mazda-familia-hatch?referringPage=SearchResults
Nissan,Tiida,2005,No,$450,"138,653",0.0," Ignition Damage, Structural Damage, Stolen & Recovered, Selling De-Registered","Automatic,",5.0,Petrol,https://manheim.co.nz/damaged-vehicles/000000000006990801/2005-nissan-tiida-hatch?referringPage=SearchResults
Toyota,Hiace,2006,No,,,1.0," Rolled, Impact Heavy - Front, Impact Heavy - Right Side, Structural Damage, Selling De-Registered","Automatic,",3.0,Petrol,https://manheim.co.nz/damaged-vehicles/000000000006990805/2006-toyota-hiace-van?referringPage=SearchResults
TRAILER,Local,2014,Yes,$700,,0.0," Impact Light - Front, Impact Light - Rear, Stolen & Recovered, Selling Registered",,,,https://manheim.co.nz/damaged-vehicles/000000000006990806/2014-trailer-local-cage-trailer?referringPage=SearchResults
Holden,Cruze,2011,No,$0,"195,998",, Selling De-Registered,"Automatic,",5.0,Petrol,https://manheim.co.nz/damaged-vehicles/000000000006960809/2011-holden-cruze-sedan?referringPage=SearchResults
Mazda,Demio,2005,No,$500,"131,973",0.0, Selling De-Registered,"Automatic,",5.0,Petrol,https://manheim.co.nz/damaged-vehicles/000000000006980858/2005-mazda-demio-hatch?referringPage=SearchResults
Holden,Astra,2005,No,$600,,0.0," Rear Damage, Impact Heavy - Rear, Structural Damage, Selling De-Registered","4spd Automatic,",5.0,Petrol,https://manheim.co.nz/damaged-vehicles/000000000006990879/2005-holden-astra-classic-hatch-auto-hatch?referringPage=SearchResults
BMW,330ci,2002,No,$725,,0.0," Front Damage, Impact Heavy - Front, Impact Heavy - Roof, Structural Damage, Selling De-Registered","Automatic,",4.0,Petrol,https://manheim.co.nz/damaged-vehicles/000000000007000899/2002-bmw-330ci-convertible?referringPage=SearchResults
GWM,V240,2009,Yes,$0,"198,184",, Selling Registered,"5spd Manual,",5.0,Petrol,https://manheim.co.nz/damaged-vehicles/000000000006920906/2009-gwm-v240-2-4l-d-cab-4wd-5m-dual-cab-utility?referringPage=SearchResults
Nissan,NV200,2015,No,,"107,646",, Selling De-Registered,,5.0,Petrol,https://manheim.co.nz/damaged-vehicles/000000000006980915/2015-nissan-nv200-vanette-station-wagon?referringPage=SearchResults
Triumph,Thunderbird A1,2009,Yes,"$3,250","50,059",0.0," Impact Light - Rear, Selling Registered",,,Petrol,https://manheim.co.nz/damaged-vehicles/000000000007001023/2009-triumph-thunderbird-a1-1600-ba-motorcycle?referringPage=SearchResults
Toyota,Wish,2003,No,$0,,1.0," Rear Damage, Impact Medium - Rear, Structural Damage, Selling De-Registered","Automatic,",7.0,Petrol,https://manheim.co.nz/damaged-vehicles/000000000007001098/2003-toyota-wish-station-wagon?referringPage=SearchResults
Mazda,Atenza,2003,No,$400,,0.0," Airbags Deployed, Front Damage, Glass Broken, Ignition Damage, Impact Heavy - Front, Impact Heavy - Right Side, Vandalised - Entire Vehicle, Impact Medium - Roof, Structural Damage, Stolen & Recovered, Selling De-Registered","Automatic,",5.0,Petrol,https://manheim.co.nz/damaged-vehicles/000000000006991093/2003-mazda-atenza-sedan?referringPage=SearchResults
Mazda,Demio,2007,No,$0,"106,242",1.0," Glass Broken, Ignition Damage, Right Front Damage, Structural Damage, Stolen & Recovered, Selling De-Registered","Automatic,",5.0,Petrol,https://manheim.co.nz/damaged-vehicles/000000000006991122/2007-mazda-demio-hatch?referringPage=SearchResults
Subaru,Outback,2006,No,$300,"2,072,461",0.0," Front Damage, Has Key, Right Front Damage, Structural Damage, Selling De-Registered","Automatic,",5.0,Petrol,https://manheim.co.nz/damaged-vehicles/000000000006991124/2006-subaru-outback-station-wagon?referringPage=SearchResults
Ford,Mondeo,2002,No,$300,,1.0," Front Damage, Rear Damage, Impact Heavy - Right Side, Structural Damage, Selling De-Registered","4spd Automatic,",5.0,Petrol,https://manheim.co.nz/damaged-vehicles/000000000006991171/2002-ford-mondeo-2-0-sedan-man-sedan?referringPage=SearchResults
Nissan,Dualis,2007,No,$700,"244,961",2.0," Front Damage, Impact Heavy - Front, Structural Damage, Selling De-Registered","5spd CVT,",5.0,Petrol,https://manheim.co.nz/damaged-vehicles/000000000006991174/2007-nissan-dualis-station-wagon?referringPage=SearchResults
PINTO,BK Kingsider 8X5,2020,No,$0,1,0.0," Left Side Damage, Selling De-Registered",,,,https://manheim.co.nz/damaged-vehicles/000000000006991177/2020-pinto-bk-kingsider-8x5-tipping-tray?referringPage=SearchResults
Holden,Colorado,2018,No,,"126,909",1.0," Glass Broken, Interior Damage, Rear Damage, Water Damage, Selling De-Registered","Automatic,",5.0,Diesel,https://manheim.co.nz/damaged-vehicles/000000000006991203/2018-holden-colorado-ltz-dc-pu-2-8d-6at-dual-cab-utility?referringPage=SearchResults
Mazda,Demio,2008,No,$400,"161,692",1.0," Chassis Damage, Right Front Damage, Structural Damage, Selling De-Registered","Automatic,",5.0,Petrol,https://manheim.co.nz/damaged-vehicles/000000000007001204/2008-mazda-demio-hatch?referringPage=SearchResults
Ducati,Monster,2012,No,"$1,000","30,468",1.0," Right Side Damage, Selling De-Registered","5spd Automatic,",,Petrol,https://manheim.co.nz/damaged-vehicles/000000000006951335/2012-ducati-monster-659-motorcycle?referringPage=SearchResults
HOMEBUILT,Utility Domestic Trailer,1995,Yes,$200,,0.0," Stolen & Recovered, Selling Registered",,,,https://manheim.co.nz/damaged-vehicles/000000000006991367/1995-homebuilt-utility-domestic-trailer-trailer--box-domestic-?referringPage=SearchResults
Ford,Ranger,2009,No,,,,,"5spd Manual,",5.0,Diesel,https://manheim.co.nz/damaged-vehicles/000000000006981383/2009-ford-ranger-3-0td-xlt-dc-w-s-4x-dual-cab-chassis?referringPage=SearchResults
Suzuki,Swift,2015,Yes,,,, Selling Registered,"CVT,",5.0,Petrol,https://manheim.co.nz/damaged-vehicles/000000000006971428/2015-suzuki-swift-hatch?referringPage=SearchResults
Subaru,Exiga,2010,Yes,$0,,, Selling Registered,"Automatic,",7.0,Petrol,https://manheim.co.nz/damaged-vehicles/000000000006971895/2010-subaru-exiga-station-wagon?referringPage=SearchResults
Ford,Ranger,2020,No,,"29,912",1.0," Left Front Damage, Impact Heavy - Front, Airbags Deployed, Structural Damage, Selling De-Registered","Automatic,",5.0,Diesel,https://manheim.co.nz/damaged-vehicles/000000000006981905/2020-ford-ranger-xlt-double-cab-w-s-dual-cab-utility?referringPage=SearchResults
Mazda,MAZDA6,2007,No,$700,"287,288",2.0," Front Damage, Impact Heavy - Front, Impact Heavy - Rear, Impact Heavy - Right Side, Structural Damage, Selling De-Registered","Automatic,",5.0,Petrol,https://manheim.co.nz/damaged-vehicles/000000000006991910/2007-mazda-mazda6-wagon-gsx-2-3-m6-station-wagon?referringPage=SearchResults
Ford,Mondeo,2009,No,$200,,1.0," Interior Damage, Water Damage, Selling De-Registered","Automatic,",5.0,Diesel,https://manheim.co.nz/damaged-vehicles/000000000006991997/2009-ford-mondeo-wag-2-0td-auto-station-wagon?referringPage=SearchResults
Ducati,M,2010,No,"$1,500",,1.0," Front Damage, Front Fork Damaged, Right Side Damage, Impact Heavy - Front, Selling De-Registered",,,Petrol,https://manheim.co.nz/damaged-vehicles/000000000006972107/2010-ducati-m-696-motorcycle?referringPage=SearchResults
Mazda,Demio,2006,No,$500,"148,704",1.0," Rear Damage, Impact Heavy - Rear, Structural Damage, Selling De-Registered","Automatic,",5.0,Petrol,https://manheim.co.nz/damaged-vehicles/000000000006992172/2006-mazda-demio-hatch?referringPage=SearchResults
Nissan,Teana,2009,No,$0,,, Selling De-Registered,"Automatic,",5.0,Petrol,https://manheim.co.nz/damaged-vehicles/000000000006952256/2009-nissan-teana-sedan?referringPage=SearchResults
Suzuki,Swift,2023,No,$0,,, Selling De-Registered,,5.0,Petrol,https://manheim.co.nz/damaged-vehicles/000000000007002298/2023-suzuki-swift-gl-1-2p-cvt-hatch?referringPage=SearchResults
Mitsubishi,ASX,2018,No,$0,,1.0," Front Damage, Left Side Damage, Structural Damage, Selling De-Registered","Automatic,",5.0,Petrol,https://manheim.co.nz/damaged-vehicles/000000000006992311/2018-mitsubishi-asx-xls-2-0p-cvt-station-wagon?referringPage=SearchResults
Suzuki,Swift,2016,No,$500,"107,553",0.0," Engine Damage, Left Front Damage, Structural Damage, Selling De-Registered","4spd Automatic,",5.0,Petrol,https://manheim.co.nz/damaged-vehicles/000000000006992408/2016-suzuki-swift-go-hatch?referringPage=SearchResults
TRAILER,Domett 4fab,1997,No,"$2,000",,0.0," Chassis Damage, Front Damage, Left Rear Damage, Left Side Damage, Rolled, Impact Heavy - Front, Impact Heavy - Left Side, Impact Medium - Right Side, Selling De-Registered",,,,https://manheim.co.nz/damaged-vehicles/000000000006962475/1997-trailer-domett-4fab-trailer?referringPage=SearchResults
Toyota,Hilux,2006,No,,"255,150",, Selling De-Registered,"5spd Manual,",5.0,Diesel,https://manheim.co.nz/damaged-vehicles/000000000006982493/2006-toyota-hilux-3-0td-4wd-sr5-dcu-5-dual-cab-chassis?referringPage=SearchResults
Freightliner,FL,1997,No,$0,"565,476",0.0," Front Damage, Structural Damage, Selling De-Registered","18spd Manual R/R 18 Speed Eato,",2.0,Diesel,https://manheim.co.nz/damaged-vehicles/000000000006982573/1997-freightliner-fl-80-truck-gvm-24-000kg?referringPage=SearchResults
Nissan,Atlas,1995,No,"$1,160","150,762",1.0," Front Damage, Structural Damage, Selling De-Registered",,3.0,,https://manheim.co.nz/damaged-vehicles/000000000006982590/1995-nissan-atlas-truck-gvm-3-195kg?referringPage=SearchResults
Mazda,Demio,2008,No,$50,,0.0," Front Damage, Left Side Damage, Structural Damage, Suspension Damage, Selling De-Registered","Automatic,",5.0,Petrol,https://manheim.co.nz/damaged-vehicles/000000000006982742/2008-mazda-demio-hatch?referringPage=SearchResults
Hino,300,2015,No,$0,,2.0," Chassis Damage, Front Damage, Structural Damage, Suspension Damage, Selling De-Registered","6spd Manual,",3.0,Diesel,https://manheim.co.nz/damaged-vehicles/000000000006992753/2015-hino-300-xzu605r-hkmmsq3d-x-cab-utility?referringPage=SearchResults
TRAILER,Domestic Homebuilt,2010,No,$0,,0.0," Dismantled - Interior, Structural Damage, Selling De-Registered",,,,https://manheim.co.nz/damaged-vehicles/000000000006992764/2010-trailer-domestic-homebuilt-trailer--box-domestic-?referringPage=SearchResults
FORZA,Ciclone,2019,No,$25,"8,880",0.0," Impact Medium - Front, Impact Light - Left Side, Impact Light - Right Side, Structural Damage, Selling De-Registered","Automatic,",,Petrol,https://manheim.co.nz/damaged-vehicles/000000000006992770/2019-forza-ciclone-scooter?referringPage=SearchResults
Mazda,Demio,2005,No,$500,"241,999",0.0," Front Damage, Vandalised - Interior, Structural Damage, Stolen & Recovered, Selling De-Registered","Automatic,",5.0,Petrol,https://manheim.co.nz/damaged-vehicles/000000000006992918/2005-mazda-demio-hatch?referringPage=SearchResults
Hyundai,HL750-30 Mobile Machine,1997,No,"$2,800",,0.0," Fire Damage, Structural Damage, Selling De-Registered","Automatic,",,Diesel,https://manheim.co.nz/damaged-vehicles/000000000006992920/1997-hyundai-hl750-30-mobile-machine-loader-loader--front-end-?referringPage=SearchResults
Nissan,Tiida,2007,No,$400,,0.0," Structural Damage, Stolen & Recovered, Selling De-Registered","Automatic,",5.0,Petrol,https://manheim.co.nz/damaged-vehicles/000000000006982989/2007-nissan-tiida-hatch?referringPage=SearchResults
MITSUBISHI FUSO,Shogun,2013,No,"$2,000","792,567",1.0," Front Damage, Left Side Damage, Selling De-Registered",,2.0,,https://manheim.co.nz/damaged-vehicles/000000000006973044/2013-mitsubishi-fuso-shogun-fv430k8-truck-gvm-25-400kg?referringPage=SearchResults
Toyota,Landcruiser,2007,No,,"268,119",0.0," Front Damage, Has Key, Structural Damage, Selling De-Registered","Automatic,",8.0,Petrol,https://manheim.co.nz/damaged-vehicles/000000000006983069/2007-toyota-landcruiser-prado-4-0-p-v6-4wd-station-wagon?referringPage=SearchResults
Nissan,Tiida,2006,No,$600,"184,922",0.0," Glass Broken, Ignition Damage, Left Front Damage, Rear Damage, Vandalised - Entire Vehicle, Structural Damage, Stolen & Recovered, Selling De-Registered","Automatic,",5.0,Petrol,https://manheim.co.nz/damaged-vehicles/000000000006993133/2006-nissan-tiida-hatch?referringPage=SearchResults
KVERNELAND,753c Rake,1997,No,$0,,0.0, Selling De-Registered,,,,https://manheim.co.nz/damaged-vehicles/000000000006983160/1997-kverneland-753c-rake-rake?referringPage=SearchResults
Toyota,Corolla,2015,No,$1,,0.0," Fire Damage, Structural Damage, Stolen & Recovered, Selling De-Registered","Automatic,",5.0,Petrol,https://manheim.co.nz/damaged-vehicles/000000000006993272/2015-toyota-corolla-axio-sedan?referringPage=SearchResults
Hyundai,Santa FE,2020,No,,"49,812",1.0," Front Damage, Impact Heavy - Front, Vandalised - Interior, Impact Light - Rear, Structural Damage, Selling De-Registered","Automatic,",7.0,Petrol,https://manheim.co.nz/damaged-vehicles/000000000006993280/2020-hyundai-santa-fe-tm-elite-2-4p-4wd-station-wagon?referringPage=SearchResults
Nissan,Bluebird,2008,No,$0,"98,666",1.0," Front Damage, Rear Damage, Impact Heavy - Right Side, Impact Medium - Front, Underbody Damage, Structural Damage, Selling De-Registered","4spd Automatic,",5.0,Petrol,https://manheim.co.nz/damaged-vehicles/000000000006983330/2008-nissan-bluebird-sylphy-sedan?referringPage=SearchResults
Suzuki,SV650,2023,No,"$1,150","14,141",1.0," Left Front Damage, Left Rear Damage, Impact Light - Left Side, Structural Damage, Selling De-Registered","6spd Automatic,",,Petrol,https://manheim.co.nz/damaged-vehicles/000000000006983345/2023-suzuki-sv650-aum3-lams-motorcycle?referringPage=SearchResults
Nissan,X-trail,2021,No,,,," Airbags Deployed, Left Side Damage, Right Side Damage, Impact Heavy - Left Side, Impact Heavy - Right Side, Impact Medium - Front, Airbags Deployed, Selling De-Registered","CVT,",5.0,Petrol,https://manheim.co.nz/damaged-vehicles/000000000006923363/2021-nissan-x-trail-st-l-2-5p-6cvt-sw-5-station-wagon?referringPage=SearchResults
GWM,V240,2012,No,$600,"258,681",1.0," Chassis Damage, Structural Damage, Selling De-Registered","Manual,",3.0,Petrol,https://manheim.co.nz/damaged-vehicles/000000000006993363/2012-gwm-v240-dual-cab-chassis?referringPage=SearchResults
Toyota,Fielder,2014,No,$0,"193,519",0.0," Front Damage, Ignition Damage, Left Rear Damage, Impact Medium - Front, Impact Light - Rear, Impact Light - Left Side, Impact Light - Right Side, Stolen & Recovered, Selling De-Registered","Automatic,",5.0,Hybrid,https://manheim.co.nz/damaged-vehicles/000000000006933374/2014-toyota-fielder-hybrid-station-wagon?referringPage=SearchResults
Ford,Territory,2006,No,$600,"347,156",1.0," Glass Broken, Rear Damage, Structural Damage, Selling De-Registered","Automatic,",7.0,Petrol,https://manheim.co.nz/damaged-vehicles/000000000006983540/2006-ford-territory-sy-territory-tx-awd-station-wagon?referringPage=SearchResults
Nissan,Tiida,2006,No,$500,"157,012",1.0," Right Side Damage, Impact Medium - Right Side, Impact Light - Front, Structural Damage, Selling De-Registered","4spd Automatic,",5.0,Petrol,https://manheim.co.nz/damaged-vehicles/000000000006993677/2006-nissan-tiida-latio-sedan?referringPage=SearchResults
Kawasaki,ex,2023,Yes,"$1,650","4,400",1.0, Selling Registered,"Automatic,",,Petrol,https://manheim.co.nz/damaged-vehicles/000000000006993844/2023-kawasaki-ex-400gpfan-motorcycle?referringPage=SearchResults
Nissan,Fuga,2008,No,$600,"208,222",1.0," Chassis Damage, Front Damage, Right Front Damage, Impact Heavy - Front, Impact Heavy - Right Side, Structural Damage, Suspension Damage, Selling De-Registered","Automatic,",5.0,Petrol,https://manheim.co.nz/damaged-vehicles/000000000006993847/2008-nissan-fuga-350gt-sedan?referringPage=SearchResults
Subaru,Impreza,2009,No,$350,,1.0," Airbags Deployed, Front Damage, Impact Heavy - Front, Impact Medium - Left Side, Airbags Deployed, Structural Damage, Selling De-Registered","5spd Manual,",5.0,Petrol,https://manheim.co.nz/damaged-vehicles/000000000006993848/2009-subaru-impreza-hatch-2-0r-5sp-hatch?referringPage=SearchResults
Ford,Escape,2006,No,$350,"166,912",0.0," Right Rear Damage, Structural Damage, Selling De-Registered","Automatic,",5.0,Petrol,https://manheim.co.nz/damaged-vehicles/000000000006993850/2006-ford-escape-station-wagon?referringPage=SearchResults
Nissan,Navara,2016,No,$1,,0.0," Burnt 100%, Structural Damage, Selling De-Registered","Automatic,",5.0,Diesel,https://manheim.co.nz/damaged-vehicles/000000000006993852/2016-nissan-navara-utility?referringPage=SearchResults
CARAVAN,Lunar Lexon SE,2009,No,"$9,100",,0.0," Left Side Damage, Right Side Damage, Structural Damage, Selling De-Registered",,,,https://manheim.co.nz/damaged-vehicles/000000000006993853/2009-caravan-lunar-lexon-se-caravan?referringPage=SearchResults
FORZA,Capri,2023,No,$1,"42,242",1.0," Impact Heavy - Entire Vehicle, Selling De-Registered",,,Petrol,https://manheim.co.nz/damaged-vehicles/000000000006963859/2023-forza-capri-lx-scooter?referringPage=SearchResults
Nissan,Tiida,2012,No,$450,"190,981",0.0," Structural Damage, Stolen & Recovered, Selling De-Registered","5spd Automatic,",5.0,Petrol,https://manheim.co.nz/damaged-vehicles/000000000006993887/2012-nissan-tiida-latio-sedan?referringPage=SearchResults
Suzuki,UZ50,2022,No,$75,"1,973",0.0," Glass Broken, Ignition Damage, Frame Damaged, Stolen & Recovered, Selling De-Registered","Automatic,",,Petrol,https://manheim.co.nz/damaged-vehicles/000000000006993890/2022-suzuki-uz50-scooter?referringPage=SearchResults
Toyota,Hilux,2018,No,,,1.0," Front Damage, Impact Heavy - Front, Structural Damage, Suspension Damage, Selling De-Registered","Automatic,",5.0,Diesel,https://manheim.co.nz/damaged-vehicles/000000000006993965/2018-toyota-hilux-sr-td-dc-2-8d-6mt-u-dual-cab-utility?referringPage=SearchResults
HOMEBUILT,Trailor,2020,No,$400,,0.0," Stolen & Recovered, Selling De-Registered",,,,https://manheim.co.nz/damaged-vehicles/000000000006994019/2020-homebuilt-trailor-trailer?referringPage=SearchResults
Suzuki,Swift,2005,No,$350,"224,165",0.0," Front Damage, Structural Damage, Selling De-Registered","5spd Automatic,",5.0,Petrol,https://manheim.co.nz/damaged-vehicles/000000000006994091/2005-suzuki-swift-hatch?referringPage=SearchResults
Nissan,Skyline,2008,No,$500,"144,849",0.0," Engine Damage, Front Damage, Glass Broken, Left Front Damage, Left Side Damage, Structural Damage, Suspension Damage, Selling De-Registered","Automatic,",4.0,Petrol,https://manheim.co.nz/damaged-vehicles/000000000006994092/2008-nissan-skyline-coup%C3%A9?referringPage=SearchResults
Mazda,Demio,2006,No,$500,"107,630",1.0," Left Rear Damage, Impact Heavy - Left Side, Structural Damage, Selling De-Registered","Automatic,",5.0,Petrol,https://manheim.co.nz/damaged-vehicles/000000000006994095/2006-mazda-demio-hatch?referringPage=SearchResults
Toyota,Caldina,1999,No,$500,"221,479",1.0," Rear Damage, Impact Light - Rear, Underbody Damage, Structural Damage, Selling De-Registered","Manual,",5.0,Petrol,https://manheim.co.nz/damaged-vehicles/000000000006994181/1999-toyota-caldina-2-0g-station-wagon?referringPage=SearchResults
Suzuki,GSX150,2017,No,$350,"14,985",1.0," Left Front Damage, Right Front Damage, Structural Damage, Selling De-Registered","Automatic,",,Petrol,https://manheim.co.nz/damaged-vehicles/000000000006994183/2017-suzuki-gsx150-dxa-gixxer-motorcycle?referringPage=SearchResults
Nissan,Note,2017,No,$400,,0.0," Right Rear Damage, Right Side Damage, Impact Heavy - Rear, Impact Heavy - Right Side, Structural Damage, Selling De-Registered","Automatic,",5.0,Hybrid,https://manheim.co.nz/damaged-vehicles/000000000006994184/2017-nissan-note-e-power-hatch?referringPage=SearchResults
Holden,Barina,2006,No,$100,,1.0," Interior Damage, Water Damage, Selling De-Registered","Automatic,",5.0,Petrol,https://manheim.co.nz/damaged-vehicles/000000000006974194/2006-holden-barina-xc-5dr-manual-hatch?referringPage=SearchResults
Honda,CB,2013,No,$350,"65,389",0.0," Right Front Damage, Structural Damage, Selling De-Registered","Automatic,",,Petrol,https://manheim.co.nz/damaged-vehicles/000000000006974197/2013-honda-cb-motorcycle?referringPage=SearchResults
Toyota,Hilux,2017,No,,,," Impact Heavy - Right Side, Selling De-Registered","6spd Manual,",5.0,Diesel,https://manheim.co.nz/damaged-vehicles/000000000006964250/2017-toyota-hilux-sr5-limited-td-dc-2-dual-cab-chassis?referringPage=SearchResults
Isuzu,D-max,2017,No,,"201,555",1.0," Front Damage, Left Rear Damage, Right Side Damage, Impact Heavy - Front, Impact Medium - Left Side, Impact Medium - Right Side, Impact Light - Rear, Structural Damage, Selling De-Registered","Automatic,",5.0,Diesel,https://manheim.co.nz/damaged-vehicles/000000000006994270/2017-isuzu-d-max-ls-dc-3-0d-4wd-6at-dual-cab-utility?referringPage=SearchResults
Subaru,Legacy,2009,No,$0,"131,368",0.0," Front Damage, Underbody Damage, Structural Damage, Selling De-Registered","5spd Automatic,",5.0,Petrol,https://manheim.co.nz/damaged-vehicles/000000000006984318/2009-subaru-legacy-station-wagon?referringPage=SearchResults
Freightliner,FRL Argosy,2013,Yes,$0,"1,077,501",, Selling Registered,,2.0,,https://manheim.co.nz/damaged-vehicles/000000000006594326/2013-freightliner-frl-argosy-mfea-log-truck-logging-truck?referringPage=SearchResults
Ford,Ranger,2016,No,,,1.0," Engine Damage, Interior Damage, Structural Damage, Water Damage, Selling De-Registered","Automatic,",5.0,Diesel,https://manheim.co.nz/damaged-vehicles/000000000006994340/2016-ford-ranger-xlt-double-cab-w-s-dual-cab-utility?referringPage=SearchResults
Suzuki,SX4,2006,No,$500,,2.0," Rear Damage, Impact Heavy - Rear, Structural Damage, Selling De-Registered","Automatic,",5.0,Petrol,https://manheim.co.nz/damaged-vehicles/000000000006984359/2006-suzuki-sx4-hatch?referringPage=SearchResults
TNT MOTOR,Roma,2016,No,$25,"11,462",1.0," Front Damage, Structural Damage, Selling De-Registered","Automatic,",,Petrol,https://manheim.co.nz/damaged-vehicles/000000000006994372/2016-tnt-motor-roma-2t-scooter?referringPage=SearchResults
Toyota,Landcruiser,2010,No,,"268,035",0.0," Interior Damage, Structural Damage, Salt Water Damage, Water Damage, Selling De-Registered","5spd Manual,",3.0,Diesel,https://manheim.co.nz/damaged-vehicles/000000000006984394/2010-toyota-landcruiser-cab-chassis?referringPage=SearchResults
Nissan,Note,2005,No,$575,,0.0," Left Side Damage, Impact Medium - Left Side, Selling De-Registered",,5.0,Petrol,https://manheim.co.nz/damaged-vehicles/000000000006994506/2005-nissan-note-hatch?referringPage=SearchResults
Toyota,Starlet,1998,No,$625,"165,619",1.0," Right Side Damage, Impact Light - Rear, Selling De-Registered","Automatic,",5.0,Petrol,https://manheim.co.nz/damaged-vehicles/000000000006974674/1998-toyota-starlet-reflet-f-limited-hatch?referringPage=SearchResults
Toyota,Prius,2013,No,$0,"219,355",0.0," Front Damage, Impact Medium - Front, Airbags Deployed, Impact Light - Left Side, Structural Damage, Selling De-Registered","Automatic,",5.0,Hybrid,https://manheim.co.nz/damaged-vehicles/000000000006994759/2013-toyota-prius-hatch?referringPage=SearchResults
Nissan,Maxima,1999,No,$500,"337,559",2.0," Front Damage, Impact Medium - Front, Structural Damage, Selling De-Registered","4spd Automatic,",5.0,Petrol,https://manheim.co.nz/damaged-vehicles/000000000006994775/1999-nissan-maxima-3-0-st-4dr-4a-p-sedan?referringPage=SearchResults
Volkswagen,Golf,2007,No,$600,,0.0," Front Damage, Impact Heavy - Rear, Selling De-Registered",,5.0,Petrol,https://manheim.co.nz/damaged-vehicles/000000000006994788/2007-volkswagen-golf-station-wagon?referringPage=SearchResults
Holden,Cruze,2011,No,$1,,0.0," Fire Damage, Structural Damage, Selling De-Registered","Manual,",5.0,Petrol,https://manheim.co.nz/damaged-vehicles/000000000006984795/2011-holden-cruze-cd-sedan?referringPage=SearchResults
Toyota,Prius,2016,No,,"96,203",1.0," Rear Damage, Impact Medium - Rear, Structural Damage, Selling De-Registered","Automatic,",5.0,Hybrid,https://manheim.co.nz/damaged-vehicles/000000000006994879/2016-toyota-prius-hatch?referringPage=SearchResults
Honda,Jazz,2007,No,$400,"231,719",1.0," Left Rear Damage, Left Side Damage, Structural Damage, Selling De-Registered","5spd Automatic,",5.0,Petrol,https://manheim.co.nz/damaged-vehicles/000000000006994911/2007-honda-jazz-1-3i-5d-cvt-hatch-hatch?referringPage=SearchResults
Honda,fit,2004,No,$400,,1.0," Rear Damage, Impact Light - Rear, Structural Damage, Selling De-Registered","Automatic,",5.0,Petrol,https://manheim.co.nz/damaged-vehicles/000000000006994913/2004-honda-fit-hatch?referringPage=SearchResults
Mazda,CX-5,2015,No,$0,"98,044",1.0," Front Damage, Rear Damage, Impact Heavy - Rear, Structural Damage, Selling De-Registered","Automatic,",5.0,Petrol,https://manheim.co.nz/damaged-vehicles/000000000006984912/2015-mazda-cx-5-gsx-2-5p-4wd-6at-sw-station-wagon?referringPage=SearchResults
Honda,fit,2010,No,$300,"106,758",1.0," Right Side Damage, Impact Heavy - Right Side, Selling De-Registered","Automatic,",5.0,Petrol,https://manheim.co.nz/damaged-vehicles/000000000006914946/2010-honda-fit-hatch?referringPage=SearchResults
Subaru,Forester,2005,No,$400,"134,776",0.0," Rear Damage, Structural Damage, Selling De-Registered","5spd Automatic,",5.0,Petrol,https://manheim.co.nz/damaged-vehicles/000000000006994941/2005-subaru-forester-station-wagon?referringPage=SearchResults
Nissan,Note,2008,No,$350,"128,910",1.0," Left Front Damage, Left Side Damage, Structural Damage, Selling De-Registered","Automatic,",5.0,Petrol,https://manheim.co.nz/damaged-vehicles/000000000006994993/2008-nissan-note-hatch?referringPage=SearchResults
Isuzu,ELF,2008,No,"$1,350","359,474",1.0," Front Damage, Rear Damage, Selling De-Registered","Manual,",3.0,Diesel,https://manheim.co.nz/damaged-vehicles/000000000006985006/2008-isuzu-elf-flat-deck-truck-gcm-6-500kg?referringPage=SearchResults
Nissan,Sentra,1995,No,$200,"237,790",0.0," Front Damage, Impact Light - Front, Impact Light - Right Side, Structural Damage, Selling De-Registered","5spd Manual,",5.0,Petrol,https://manheim.co.nz/damaged-vehicles/000000000006985028/1995-nissan-sentra-1-4-s-hatch-hatch?referringPage=SearchResults
Honda,VTR,2003,No,$100,"30,329",0.0," Engine Damage, Frame Damaged, Selling De-Registered","Automatic,",,Petrol,https://manheim.co.nz/damaged-vehicles/000000000006895032/2003-honda-vtr-motorcycle?referringPage=SearchResults
Mazda,CX-5,2012,Yes,$0,,0.0," Front Damage, Glass Broken, Left Side Damage, Rear Damage, Right Side Damage, Vandalised - Interior, Impact Light - Left Side, Selling Registered","3spd Automatic,",5.0,Diesel,https://manheim.co.nz/damaged-vehicles/000000000006985041/2012-mazda-cx-5-station-wagon?referringPage=SearchResults
Suzuki,Swift,2005,No,$500,"130,033",1.0," Front Damage, Left Side Damage, Impact Heavy - Front, Impact Heavy - Left Side, Structural Damage, Selling De-Registered","5spd Manual,",5.0,Petrol,https://manheim.co.nz/damaged-vehicles/000000000006995098/2005-suzuki-swift-hatch?referringPage=SearchResults
Subaru,Forester,2019,No,$0,,0.0," Rolled, Impact Heavy - Entire Vehicle, Selling De-Registered","Automatic,",5.0,Petrol,https://manheim.co.nz/damaged-vehicles/000000000006965133/2019-subaru-forester-2-5p-4wd-cvt-station-wagon?referringPage=SearchResults
Ford,Falcon,2002,No,$100,,0.0," Front Damage, Structural Damage, Selling De-Registered","Automatic,",5.0,Petrol,https://manheim.co.nz/damaged-vehicles/000000000006995181/2002-ford-falcon-auiii-futura-4fa-sedan?referringPage=SearchResults
Land Rover,Discovery 3,2006,No,$0,,0.0," Front Damage, Fresh Water Damage, Rear Damage, Selling De-Registered","4spd Automatic,",7.0,Petrol,https://manheim.co.nz/damaged-vehicles/000000000006995226/2006-land-rover-discovery-3-off-road?referringPage=SearchResults
Mazda,Demio,2004,No,$600,"107,185",1.0," Glass Broken, Ignition Damage, Vandalised - Interior, Impact Light - Front, Impact Light - Rear, Impact Light - Left Side, Stolen & Recovered, Selling De-Registered","Automatic,",5.0,Petrol,https://manheim.co.nz/damaged-vehicles/000000000006995230/2004-mazda-demio-hatch?referringPage=SearchResults
Subaru,BRZ,2014,No,,,0.0," Front Damage, Impact Heavy - Front, Structural Damage, Selling De-Registered",,4.0,Petrol,https://manheim.co.nz/damaged-vehicles/000000000006995325/2014-subaru-brz-coup%C3%A9?referringPage=SearchResults
Toyota,Hiace,2005,No,,"497,163",1.0," Engine Damage, Interior Damage, Impact Light - Rear, Dismantled - Engine, Water Damage, Selling De-Registered","Automatic,",3.0,Petrol,https://manheim.co.nz/damaged-vehicles/000000000006985373/2005-toyota-hiace-2-7p-zl-van5m-3-sea-high-roof-van?referringPage=SearchResults
Mazda,Demio,2010,No,$500,"161,259",1.0," Front Damage, Impact Medium - Front, Impact Medium - Right Side, Structural Damage, Selling De-Registered","4spd Automatic,",5.0,Petrol,https://manheim.co.nz/damaged-vehicles/000000000006995442/2010-mazda-demio-hatch?referringPage=SearchResults
TRANSFLEET,TDA/T1/T2/6,1993,No,"$2,400",1,0.0," Rolled, Selling De-Registered",,,,https://manheim.co.nz/damaged-vehicles/000000000006915472/1993-transfleet-tda-t1-t2-6-commercial-trailer?referringPage=SearchResults
Mitsubishi,Triton,2016,No,,"137,420",0.0," Glass Broken, Has Key, Left Front Damage, Left Rear Damage, Left Side Damage, Rear Damage, Right Front Damage, Right Side Damage, Underbody Damage, Structural Damage, Selling De-Registered","6spd Manual,",5.0,Diesel,https://manheim.co.nz/damaged-vehicles/000000000006995729/2016-mitsubishi-triton-glxr-dual-cab-utility?referringPage=SearchResults
Hyundai,Getz,2007,No,$500,,0.0," Front Damage, Impact Heavy - Front, Impact Heavy - Rear, Structural Damage, Selling De-Registered",,5.0,Petrol,https://manheim.co.nz/damaged-vehicles/000000000006995730/2007-hyundai-getz-tb-hatch?referringPage=SearchResults
CAT 55KV8,Generator,2018,No,$600,,0.0," Impact Heavy - Entire Vehicle, Selling De-Registered",Manual H/,,,https://manheim.co.nz/damaged-vehicles/000000000006995741/2018-cat-55kv8-generator-generator?referringPage=SearchResults
Toyota,Corolla,2003,No,$0,,1.0," Impact Medium - Left Side, Selling De-Registered",,5.0,Petrol,https://manheim.co.nz/damaged-vehicles/000000000006995742/2003-toyota-corolla-runx-hatch?referringPage=SearchResults
BMW,318ia Conv,1995,No,$100,"94,639",1.0," Front Damage, Left Front Damage, Structural Damage, Selling De-Registered","Automatic,",5.0,Petrol,https://manheim.co.nz/damaged-vehicles/000000000006995747/1995-bmw-318ia-conv-conv?referringPage=SearchResults
Honda,fit,2005,No,$300,"168,511",0.0," Glass Broken, Left Rear Damage, Structural Damage, Selling De-Registered","Automatic,",5.0,Petrol,https://manheim.co.nz/damaged-vehicles/000000000006995767/2005-honda-fit-hatch?referringPage=SearchResults
TRANSPORT TRAILERS,4A,2002,No,$0,,0.0," Chassis Damage, Rolled, Selling De-Registered",,,,https://manheim.co.nz/damaged-vehicles/000000000006975777/2002-transport-trailers-4a-tipping-trailer-tipping-trailer?referringPage=SearchResults
Toyota,Blade,2007,No,$0,,0.0," Front Damage, Impact Heavy - Front, Selling De-Registered",,5.0,Petrol,https://manheim.co.nz/damaged-vehicles/000000000006995785/2007-toyota-blade-hatch?referringPage=SearchResults
Subaru,Exiga,2009,No,$0,"201,237",0.0," Left Rear Damage, Structural Damage, Selling De-Registered","Automatic,",7.0,Petrol,https://manheim.co.nz/damaged-vehicles/000000000006995786/2009-subaru-exiga-station-wagon?referringPage=SearchResults
Mitsubishi,Lancer,2015,No,$400,,0.0," Airbags Deployed, Front Damage, Structural Damage, Selling De-Registered","Automatic,",5.0,Petrol,https://manheim.co.nz/damaged-vehicles/000000000006995799/2015-mitsubishi-lancer-gsr-2-0p-cvt-sl-4dr-sedan?referringPage=SearchResults
Mitsubishi,Outlander,2010,Yes,,"161,667",, Selling Registered,"CVT,",7.0,Petrol,https://manheim.co.nz/damaged-vehicles/000000000006975814/2010-mitsubishi-outlander-station-wagon?referringPage=SearchResults
Nissan,Navara,2015,Yes,,"238,729",, Selling Registered,"6spd Manual,",5.0,Diesel,https://manheim.co.nz/damaged-vehicles/000000000006975815/2015-nissan-navara-d-c-2-5d-4wd-st-x-m-dual-cab-utility?referringPage=SearchResults
Isuzu,NKR,2008,No,"$1,250",1,1.0," Front Damage, Right Front Damage, Right Side Damage, Structural Damage, Selling De-Registered","Manual,",3.0,Diesel,https://manheim.co.nz/damaged-vehicles/000000000006985851/2008-isuzu-nkr-300m-truck-gcm-9-000kg?referringPage=SearchResults
Mazda,Axela,2007,No,$600,"135,049",1.0," Left Front Damage, Impact Medium - Front, Structural Damage, Selling De-Registered","Automatic,",5.0,Petrol,https://manheim.co.nz/damaged-vehicles/000000000006985865/2007-mazda-axela-hatch?referringPage=SearchResults
Kawasaki,ex,2015,No,$300,"61,095",1.0," Front Damage, Rear Damage, Impact Heavy - Front, Structural Damage, Selling De-Registered","5spd Automatic,",,Petrol,https://manheim.co.nz/damaged-vehicles/000000000006995863/2015-kawasaki-ex-300a-motorcycle?referringPage=SearchResults
Mitsubishi,Mirage,2020,No,$600,,1.0," Front Damage, Left Side Damage, Impact Heavy - Front, Structural Damage, Selling De-Registered","Automatic,",5.0,Petrol,https://manheim.co.nz/damaged-vehicles/000000000006985870/2020-mitsubishi-mirage-xls-1-2p-cvt-hatch?referringPage=SearchResults
Honda,Z,2019,No,"$1,025","6,504",1.0," Rear Damage, Impact Light - Rear, Structural Damage, Selling De-Registered","Automatic,",,Petrol,https://manheim.co.nz/damaged-vehicles/000000000006985898/2019-honda-z-125ma-motorcycle?referringPage=SearchResults
Dodge,Journey,2016,No,$0,,1.0," Left Front Damage, Structural Damage, Selling De-Registered","Automatic,",7.0,Petrol,https://manheim.co.nz/damaged-vehicles/000000000006985899/2016-dodge-journey-sxt-3-6p-6at-sw-5dr-station-wagon?referringPage=SearchResults
Fuso,Canter 616-city-tip,2021,No,"$3,450",1,1.0," Front Damage, Structural Damage, Suspension Damage, Selling De-Registered","Automatic,",3.0,Diesel,https://manheim.co.nz/damaged-vehicles/000000000006985912/2021-fuso-canter-616-city-tip-fea61br3sfac-t--truck-gcm-9-500kg?referringPage=SearchResults
Toyota,Aqua,2016,No,$0,"94,691",0.0," Left Side Damage, Right Side Damage, Structural Damage, Stolen & Recovered, Suspension Damage, Under Body Damage, Selling De-Registered","4spd Automatic,",5.0,Hybrid,https://manheim.co.nz/damaged-vehicles/000000000006985918/2016-toyota-aqua-hatch?referringPage=SearchResults
UD TRUCKS,PK17280,2015,No,"$1,490",1,0.0," Fire Damage, Selling De-Registered",,3.0,Diesel,https://manheim.co.nz/damaged-vehicles/000000000006985919/2015-ud-trucks-pk17280-pkc8e-truck-gvm-12-000kg?referringPage=SearchResults
Hyundai,TB,2004,No,$400,"195,306",0.0," Glass Broken, Right Front Damage, Structural Damage, Selling De-Registered","5spd Automatic,",5.0,Petrol,https://manheim.co.nz/damaged-vehicles/000000000006985924/2004-hyundai-tb-hatch?referringPage=SearchResults
TRAILER,L Time,1995,No,$550,,0.0," Rust - Entire Vehicle, Structural Damage, Selling De-Registered",,,,https://manheim.co.nz/damaged-vehicles/000000000006995921/1995-trailer-l-time-flat-deck-trailer?referringPage=SearchResults
Mitsubishi,Lancer,1997,No,$400,"210,795",1.0," Right Side Damage, Impact Heavy - Right Side, Dismantled - Interior, Structural Damage, Selling De-Registered","Automatic,",5.0,Petrol,https://manheim.co.nz/damaged-vehicles/000000000006996004/1997-mitsubishi-lancer-1-8-gsr-coupe-a-coup%C3%A9?referringPage=SearchResults
Holden,Captiva,2017,No,$0,"180,430",1.0," Front Damage, Impact Heavy - Front, Structural Damage, Selling De-Registered","Automatic,",7.0,Petrol,https://manheim.co.nz/damaged-vehicles/000000000006986001/2017-holden-captiva-ls-2-4p-6at-sw-4dr--station-wagon?referringPage=SearchResults
Mazda,Axela,2010,No,$600,"151,722",1.0," Left Front Damage, Impact Heavy - Front, Impact Heavy - Right Side, Impact Medium - Left Side, Structural Damage, Selling De-Registered","5spd Automatic,",5.0,Petrol,https://manheim.co.nz/damaged-vehicles/000000000006996016/2010-mazda-axela-sedan?referringPage=SearchResults
Toyota,Vanguard,2011,No,,,1.0," Airbags Deployed, Left Side Damage, Impact Heavy - Left Side, Airbags Deployed, Structural Damage, Selling De-Registered","Automatic,",7.0,Petrol,https://manheim.co.nz/damaged-vehicles/000000000006996037/2011-toyota-vanguard-station-wagon?referringPage=SearchResults
Nissan,Tiida,2008,No,$625,,0.0," Vandalised - Interior, Structural Damage, Stolen & Recovered, Selling De-Registered",,5.0,Petrol,https://manheim.co.nz/damaged-vehicles/000000000006996105/2008-nissan-tiida-hatch?referringPage=SearchResults
Mazda,Atenza,2005,No,$400,"190,670",1.0," Right Rear Damage, Impact Heavy - Right Side, Vandalised - Interior, Impact Light - Rear, Impact Light - Left Side, Structural Damage, Suspension Damage, Selling De-Registered","Automatic,",5.0,Petrol,https://manheim.co.nz/damaged-vehicles/000000000006996232/2005-mazda-atenza-hatch?referringPage=SearchResults
Ford,Fiesta,2012,No,$475,"104,888",0.0," Has Key, Right Side Damage, Structural Damage, Selling De-Registered","Automatic,",5.0,Petrol,https://manheim.co.nz/damaged-vehicles/000000000006996254/2012-ford-fiesta-5dr-1-6-a-zetec-hatch?referringPage=SearchResults
Subaru,Legacy,2009,No,$500,"178,576",1.0," Front Damage, Impact Medium - Front, Structural Damage, Selling De-Registered","Automatic,",5.0,Petrol,https://manheim.co.nz/damaged-vehicles/000000000006996323/2009-subaru-legacy-outback-station-wagon?referringPage=SearchResults
Toyota,Aqua,2019,No,$0,"29,111",1.0," Front Damage, Impact Heavy - Front, Impact Light - Right Side, Structural Damage, Selling De-Registered","Automatic,",5.0,Hybrid,https://manheim.co.nz/damaged-vehicles/000000000006996330/2019-toyota-aqua-hatch?referringPage=SearchResults
Toyota,Hilux,2007,No,,"376,653",1.0," Chassis Damage, Front Damage, Structural Damage, Selling De-Registered","Automatic,",5.0,Diesel,https://manheim.co.nz/damaged-vehicles/000000000006986429/2007-toyota-hilux-3-0td-2wd-d-c-ute-5-dual-cab-chassis?referringPage=SearchResults
CTM,HS745,2020,No,$200,,0.0," Interior Damage, Water Damage, Selling De-Registered","Automatic,",,,https://manheim.co.nz/damaged-vehicles/000000000006986437/2020-ctm-hs745-scotter?referringPage=SearchResults
BMW,130i,2007,No,$25,,0.0," Burnt 100%, Fire Damage, Fire - Entire Vehicle, Structural Damage, Selling De-Registered","Automatic,",5.0,Petrol,https://manheim.co.nz/damaged-vehicles/000000000006996451/2007-bmw-130i-hatch?referringPage=SearchResults
Suzuki,Swift,2008,No,$300,,1.0," Rolled, Structural Damage, Selling De-Registered","Automatic,",5.0,Petrol,https://manheim.co.nz/damaged-vehicles/000000000006996453/2008-suzuki-swift-hatch?referringPage=SearchResults
Peugeot,3008,2021,No,,"29,117",1.0," Left Side Damage, Right Rear Damage, Impact Heavy - Left Side, Structural Damage, Selling De-Registered","8spd Automatic,",5.0,Petrol,https://manheim.co.nz/damaged-vehicles/000000000006996458/2021-peugeot-3008-gt-1-6pt-8at-touring?referringPage=SearchResults
Honda,Stream,2001,Yes,$525,,0.0," Front Damage, Impact Heavy - Front, Stolen & Recovered, Selling Registered",,7.0,Petrol,https://manheim.co.nz/damaged-vehicles/000000000006996571/2001-honda-stream-station-wagon?referringPage=SearchResults
Holden,Commodore,2008,No,$400,"272,242",1.0," Interior Damage, Water Damage, Selling De-Registered","Automatic,",5.0,Petrol,https://manheim.co.nz/damaged-vehicles/000000000006986816/2008-holden-commodore-omega-sedan-auto-sedan?referringPage=SearchResults
Ford,Ranger,2017,No,,"160,352",1.0," Front Damage, Selling De-Registered","Automatic,",5.0,Diesel,https://manheim.co.nz/damaged-vehicles/000000000006976827/2017-ford-ranger-xlt-double-cab-w-sa-utility?referringPage=SearchResults
Ford,Courier,1998,No,$550,"386,183",0.0," Front Damage, Impact Heavy - Front, Structural Damage, Selling De-Registered","Automatic,",5.0,Diesel,https://manheim.co.nz/damaged-vehicles/000000000006986867/1998-ford-courier-xl-crew-cab-dual-cab-utility?referringPage=SearchResults
Ford,Focus,2000,No,$350,"165,027",1.0," Rear Damage, Impact Medium - Rear, Impact Light - Front, Structural Damage, Selling De-Registered","Automatic,",5.0,Petrol,https://manheim.co.nz/damaged-vehicles/000000000006996887/2000-ford-focus-hatch?referringPage=SearchResults
Holden,Epica,2007,Yes,$725,,1.0," Left Side Damage, Impact Medium - Left Side, Impact Light - Front, Impact Light - Rear, Selling Registered","Automatic,",5.0,Petrol,https://manheim.co.nz/damaged-vehicles/000000000006996922/2007-holden-epica-cdxi-auto-sedan?referringPage=SearchResults
Hino,Dutro,2012,No,"$1,560",1,0.0," Front Damage, Selling De-Registered","Automatic,",3.0,Diesel,https://manheim.co.nz/damaged-vehicles/000000000006986921/2012-hino-dutro-truck-gvm-4-955kg?referringPage=SearchResults
Holden,Astra,2017,Yes,,,0.0," Stolen & Recovered, Selling Registered","6spd Automatic,",5.0,Petrol,https://manheim.co.nz/damaged-vehicles/000000000006996935/2017-holden-astra-r-1-4pt-6at-hatch?referringPage=SearchResults
Benelli,502c,2021,No,"$1,000","11,348",0.0," Impact Light - Left Side, Structural Damage, Selling De-Registered","Manual,",,Petrol,https://manheim.co.nz/damaged-vehicles/000000000006986989/2021-benelli-502c-motorcycle?referringPage=SearchResults
BMW,118i,2006,No,$0,"87,896",0.0," Right Side Damage, Impact Light - Right Side, Structural Damage, Selling De-Registered","Automatic,",5.0,Petrol,https://manheim.co.nz/damaged-vehicles/000000000006997084/2006-bmw-118i-hatch?referringPage=SearchResults
Toyota,Markx,2007,No,$0,,0.0," Ignition Damage, Rear Damage, Vandalised - Interior, Impact Light - Front, Impact Light - Rear, Impact Light - Left Side, Impact Light - Right Side, Structural Damage, Stolen & Recovered, Suspension Damage, Selling De-Registered","Automatic,",5.0,Petrol,https://manheim.co.nz/damaged-vehicles/000000000006997085/2007-toyota-markx-250g-sedan?referringPage=SearchResults
Toyota,Hiace,2007,No,,,0.0," Ignition Damage, Impact Light - Rear, Selling De-Registered","Automatic,",6.0,Petrol,https://manheim.co.nz/damaged-vehicles/000000000006997088/2007-toyota-hiace-van?referringPage=SearchResults
Toyota,Vitz,1999,No,$400,"228,053",1.0," Left Side Damage, Structural Damage, Selling De-Registered","Automatic,",5.0,Petrol,https://manheim.co.nz/damaged-vehicles/000000000006997090/1999-toyota-vitz-hatch?referringPage=SearchResults
GWM,GWM Cannon,2021,No,,"19,545",0.0," Impact Heavy - Front, Impact Heavy - Right Side, Stolen & Recovered, Selling De-Registered","Automatic,",5.0,Diesel,https://manheim.co.nz/damaged-vehicles/000000000006957280/2021-gwm-gwm-cannon-x-4x4-2-0dt-4wd-8at-dual-cab-chassis?referringPage=SearchResults
Toyota,RAV4,2017,No,$25,,0.0, Selling De-Registered,,,,https://manheim.co.nz/damaged-vehicles/000000000006967292/2017-toyota-rav4-sedan?referringPage=SearchResults
FELLA,Front Mounted Crimper,2015,No,$460,,0.0, Selling De-Registered,,,,https://manheim.co.nz/damaged-vehicles/000000000006877303/2015-fella-front-mounted-crimper-mower?referringPage=SearchResults
TGB,X Race,2013,No,$25,"13,874",0.0," Left Side Damage, Frame Damaged, Right Side Damage, Impact Heavy - Rear, Impact Heavy - Entire Vehicle, Structural Damage, Selling De-Registered","Automatic,",,Petrol,https://manheim.co.nz/damaged-vehicles/000000000006997322/2013-tgb-x-race-scooter?referringPage=SearchResults
Nissan,Bluebird,2006,No,$0,"140,168",0.0," Rear Damage, Structural Damage, Selling De-Registered","Automatic,",5.0,Petrol,https://manheim.co.nz/damaged-vehicles/000000000006997325/2006-nissan-bluebird-sylphy-sedan?referringPage=SearchResults
NISSAN DIESEL,MK240,2009,No,"$3,550","191,593",0.0," Rolled, Selling De-Registered",,3.0,,https://manheim.co.nz/damaged-vehicles/000000000006977389/2009-nissan-diesel-mk240-flat-deck-truck-gvm-10-600kg?referringPage=SearchResults
Nissan,Navara,2021,No,,123,0.0," Front Damage, Structural Damage, Selling De-Registered","Automatic,",5.0,,https://manheim.co.nz/damaged-vehicles/000000000006987453/2021-nissan-navara-sl-2-3d-4wd-7at-utility?referringPage=SearchResults
Kia,Sorento,2016,No,,,1.0," Interior Damage, Water Damage, Selling De-Registered","6spd Automatic,",7.0,Diesel,https://manheim.co.nz/damaged-vehicles/000000000006997583/2016-kia-sorento-premium-2-2d-4wd-6a-station-wagon?referringPage=SearchResults
Yanmar,1.7T Excavator,2017,No,$0,,0.0," Engine Damage, Rolled, Selling De-Registered",Automati,,,https://manheim.co.nz/damaged-vehicles/000000000006987636/2017-yanmar-1-7t-excavator-excavator?referringPage=SearchResults
Nissan,Tiida,2009,No,$0,,0.0," Right Rear Damage, Impact Heavy - Front, Impact Heavy - Rear, Structural Damage, Selling De-Registered",,5.0,Petrol,https://manheim.co.nz/damaged-vehicles/000000000006997728/2009-nissan-tiida-hatch?referringPage=SearchResults
Toyota,Dyna,2008,No,"$1,060","205,689",0.0," Has Key, Rolled, Structural Damage, Selling De-Registered",,3.0,Diesel,https://manheim.co.nz/damaged-vehicles/000000000006987783/2008-toyota-dyna-truck-gcm-5-075kg?referringPage=SearchResults
Hyundai,Kona,2018,No,,"114,599",1.0," Left Front Damage, Left Side Damage, Impact Heavy - Front, Structural Damage, Selling De-Registered","Automatic,",5.0,Petrol,https://manheim.co.nz/damaged-vehicles/000000000006997807/2018-hyundai-kona-os-2-0-2wd-2-0p-6at-station-wagon?referringPage=SearchResults
Holden,Colorado,2019,No,,"72,262",1.0," Interior Damage, Water Damage, Selling De-Registered","Automatic,",5.0,Diesel,https://manheim.co.nz/damaged-vehicles/000000000006977811/2019-holden-colorado-z71-dc-pu-2-8dt-4wd-dual-cab-utility?referringPage=SearchResults
Triumph,Street Triple,2014,Yes,$900,,0.0," Engine Damage, Selling Registered","Automatic,",,Petrol,https://manheim.co.nz/damaged-vehicles/000000000006997824/2014-triumph-street-triple-r-motorcycle?referringPage=SearchResults
Toyota,Altezza,1998,No,$500,,1.0," Front Damage, Impact Heavy - Front, Structural Damage, Selling De-Registered","Automatic,",5.0,Petrol,https://manheim.co.nz/damaged-vehicles/000000000006997833/1998-toyota-altezza-sedan?referringPage=SearchResults
Honda,fit,2007,No,$0,"69,375",1.0," Left Side Damage, Structural Damage, Selling De-Registered","Automatic,",5.0,Petrol,https://manheim.co.nz/damaged-vehicles/000000000006997838/2007-honda-fit-hatch?referringPage=SearchResults
Can-Am,650,2020,No,$600,,0.0," Frame Damaged, Rolled, Vandalised - Entire Bike, Structural Damage, Suspension Damage, Selling De-Registered","Automatic, Fuel Type, Petro",,Petrol,https://manheim.co.nz/damaged-vehicles/000000000006997841/2020-can-am-650-quad-bike-quad-bike?referringPage=SearchResults
Aprilia,Tuono,2005,No,"$1,025","43,590",0.0," Left Side Damage, Impact Light - Left Side, Selling De-Registered","Automatic,",,Petrol,https://manheim.co.nz/damaged-vehicles/000000000006997842/2005-aprilia-tuono-motorcycle?referringPage=SearchResults
Toyota,Yaris,2010,No,$400,,0.0," Engine Damage, Rolled, Structural Damage, Selling De-Registered","Automatic,",5.0,Petrol,https://manheim.co.nz/damaged-vehicles/000000000006997850/2010-toyota-yaris-t130-1-3p-hatch5-4a-hatch?referringPage=SearchResults
Honda,Accord,2005,No,$500,"177,260",1.0," Front Damage, Impact Heavy - Front, Airbags Deployed, Structural Damage, Selling De-Registered","5spd Automatic,",5.0,Petrol,https://manheim.co.nz/damaged-vehicles/000000000006997869/2005-honda-accord-sedan?referringPage=SearchResults
Mazda,Axela,2007,No,$600,"142,104",1.0," Left Front Damage, Impact Heavy - Left Side, Impact Medium - Front, Underbody Damage, Structural Damage, Suspension Damage, Selling De-Registered","5spd Automatic,",5.0,Petrol,https://manheim.co.nz/damaged-vehicles/000000000006997874/2007-mazda-axela-hatch?referringPage=SearchResults
Toyota,Estima,2006,No,$0,,0.0," Front Damage, Impact Heavy - Front, Impact Heavy - Rear, Structural Damage, Selling De-Registered",,7.0,Petrol,https://manheim.co.nz/damaged-vehicles/000000000006998000/2006-toyota-estima-aeras-v6-station-wagon?referringPage=SearchResults
Hyundai,ix35,2014,No,$0,"191,384",0.0," Glass Broken, Rolled, Structural Damage, Selling De-Registered","Automatic,",5.0,Diesel,https://manheim.co.nz/damaged-vehicles/000000000006998018/2014-hyundai-ix35-station-wagon?referringPage=SearchResults
Volkswagen,Touareg,2007,Yes,$0,"153,361",0.0," Left Side Damage, Impact Medium - Front, Impact Medium - Left Side, Selling Registered","Automatic,",5.0,Petrol,https://manheim.co.nz/damaged-vehicles/000000000006998029/2007-volkswagen-touareg-station-wagon?referringPage=SearchResults
Suzuki,Swift,2007,No,$350,"269,622",0.0," Front Damage, Structural Damage, Selling De-Registered","Automatic,",5.0,Petrol,https://manheim.co.nz/damaged-vehicles/000000000006998132/2007-suzuki-swift-glxh2-hatch?referringPage=SearchResults
Subaru,Legacy,2006,No,$500,,1.0," Left Side Damage, Roof Damage, Right Rear Damage, Structural Damage, Selling De-Registered","5spd Automatic,",5.0,Petrol,https://manheim.co.nz/damaged-vehicles/000000000006998135/2006-subaru-legacy-station-wagon?referringPage=SearchResults
Honda,Elysion,2005,No,$300,,1.0," Interior Damage, Structural Damage, Water Damage, Selling De-Registered","Automatic,",8.0,Petrol,https://manheim.co.nz/damaged-vehicles/000000000006988196/2005-honda-elysion-vx-station-wagon?referringPage=SearchResults
Mercedes-Benz,Actros,2003,No,$0,"93,338",1.0," Right Front Damage, Selling De-Registered","Manual,",2.0,,https://manheim.co.nz/damaged-vehicles/000000000006968208/2003-mercedes-benz-actros-3246l-48-flat-deck?referringPage=SearchResults
Audi,Q5,2009,Yes,,"220,175",0.0," Left Front Damage, Impact Medium - Left Side, Selling Registered","Automatic,",5.0,Diesel,https://manheim.co.nz/damaged-vehicles/000000000006998205/2009-audi-q5-2-0-tdi-q-s-tronic-station-wagon?referringPage=SearchResults
Toyota,Corona,2000,No,$0,"213,208",1.0," Left Front Damage, Left Side Damage, Impact Medium - Left Side, Impact Light - Front, Structural Damage, Selling De-Registered","Automatic,",5.0,Petrol,https://manheim.co.nz/damaged-vehicles/000000000006998289/2000-toyota-corona-premio-sedan?referringPage=SearchResults
Nissan,Micra,2004,No,$400,"226,278",1.0," Left Side Damage, Impact Heavy - Left Side, Impact Medium - Front, Selling De-Registered","4spd Automatic,",5.0,Petrol,https://manheim.co.nz/damaged-vehicles/000000000006998291/2004-nissan-micra-1-4-5dr-a-t-sedan?referringPage=SearchResults
Mazda,Atenza,2003,Yes,$0,,0.0," Glass Broken, Ignition Damage, Stolen & Recovered, Selling Registered",,5.0,Petrol,https://manheim.co.nz/damaged-vehicles/000000000006998305/2003-mazda-atenza-sedan?referringPage=SearchResults
Holden,Commodore,2014,Yes,$0,"282,090",1.0," Right Front Damage, Impact Heavy - Front, Selling Registered","Automatic,",5.0,Petrol,https://manheim.co.nz/damaged-vehicles/000000000006998308/2014-holden-commodore-vf-evoke-sdn-v6-at-sedan?referringPage=SearchResults
Suzuki,Splash,2010,No,$600,"57,301",2.0," Impact Heavy - Rear, Structural Damage, Selling De-Registered","Automatic,",5.0,Petrol,https://manheim.co.nz/damaged-vehicles/000000000006998312/2010-suzuki-splash-hatch?referringPage=SearchResults
Nissan,Leaf,2015,No,$0,,1.0," Chassis Damage, Front Damage, Impact Heavy - Front, Structural Damage, Selling De-Registered",,5.0,Electric,https://manheim.co.nz/damaged-vehicles/000000000006998318/2015-nissan-leaf-zero-emission-hatch?referringPage=SearchResults
Mitsubishi,Outlander,2006,Yes,"$1,000","252,903",, Selling Registered,"CVT,",7.0,Petrol,https://manheim.co.nz/damaged-vehicles/000000000006968312/2006-mitsubishi-outlander-4d-station-wagon?referringPage=SearchResults
Nissan,Lafesta,2006,No,$400,"259,778",, Selling De-Registered,"CVT,",7.0,Petrol,https://manheim.co.nz/damaged-vehicles/000000000006968315/2006-nissan-lafesta-5d-station-wagon?referringPage=SearchResults
Mazda,Demio,2005,Yes,$0,,1.0," Ignition Damage, Left Rear Damage, Rear Damage, Stolen & Recovered, Selling Registered","Automatic,",5.0,Petrol,https://manheim.co.nz/damaged-vehicles/000000000006998324/2005-mazda-demio-hatch?referringPage=SearchResults
Holden,Captiva,2017,No,$0,,1.0," Front Damage, Impact Heavy - Front, Structural Damage, Selling De-Registered","6spd Automatic,",7.0,Petrol,https://manheim.co.nz/damaged-vehicles/000000000006998331/2017-holden-captiva-ls-2-4p-6at-sw-4dr--station-wagon?referringPage=SearchResults
Toyota,Landcruiser,1997,No,,"370,919",1.0," Glass Broken, Impact Medium - Rear, Structural Damage, Water Damage, Selling De-Registered","15spd Automatic,",5.0,Diesel,https://manheim.co.nz/damaged-vehicles/000000000006998335/1997-toyota-landcruiser-station-wagon?referringPage=SearchResults
Mercedes-Benz,ML350,2008,No,$0,"213,688",1.0," Left Front Damage, Left Side Damage, Structural Damage, Selling De-Registered","Automatic,",5.0,Petrol,https://manheim.co.nz/damaged-vehicles/000000000006998340/2008-mercedes-benz-ml350-4-matic-station-wagon?referringPage=SearchResults
Toyota,Markx,2005,Yes,$0,,0.0," Impact Heavy - Left Side, Stolen & Recovered, Selling Registered",,5.0,Petrol,https://manheim.co.nz/damaged-vehicles/000000000006998342/2005-toyota-markx-250g-sedan?referringPage=SearchResults
MINI,Countryman,2021,No,,,0.0," Left Front Damage, Impact Heavy - Front, Impact Heavy - Left Side, Airbags Deployed, Structural Damage, Selling De-Registered","Automatic,",5.0,Petrol,https://manheim.co.nz/damaged-vehicles/000000000006998347/2021-mini-countryman-cooper-1-5pt-7at-station-wagon?referringPage=SearchResults
BMW,530i,2005,No,$0,,0.0," Engine Damage, Interior Damage, Water Damage, Selling De-Registered","Automatic,",5.0,Petrol,https://manheim.co.nz/damaged-vehicles/000000000006998353/2005-bmw-530i-sedan?referringPage=SearchResults
Nissan,X-trail,2009,No,$0,"108,283",1.0," Left Side Damage, Structural Damage, Selling De-Registered","Automatic,",5.0,Petrol,https://manheim.co.nz/damaged-vehicles/000000000006998369/2009-nissan-x-trail-station-wagon?referringPage=SearchResults
Mazda,MPV,2005,No,$0,,0.0," Rear Damage, Impact Heavy - Rear, Structural Damage, Selling De-Registered",,7.0,Petrol,https://manheim.co.nz/damaged-vehicles/000000000006998466/2005-mazda-mpv-station-wagon?referringPage=SearchResults
Suzuki,Swift,2007,No,$600,"133,397",1.0," Left Front Damage, Impact Heavy - Front, Impact Light - Rear, Structural Damage, Selling De-Registered","4spd Automatic,",5.0,Petrol,https://manheim.co.nz/damaged-vehicles/000000000006998480/2007-suzuki-swift-hatch?referringPage=SearchResults
Mazda,Familia,1999,No,$300,"181,950",0.0," Vandalised - Interior, Structural Damage, Stolen & Recovered, Selling De-Registered","Automatic,",5.0,Petrol,https://manheim.co.nz/damaged-vehicles/000000000006998485/1999-mazda-familia-station-wagon?referringPage=SearchResults
Toyota,Sienta,2016,No,,"82,308",, Selling De-Registered,"Automatic,",7.0,Hybrid,https://manheim.co.nz/damaged-vehicles/000000000006978642/2016-toyota-sienta-station-wagon?referringPage=SearchResults
Holden,Commodore,2007,No,,,1.0," Interior Damage, Structural Damage, Water Damage, Selling De-Registered","Automatic,",5.0,Petrol,https://manheim.co.nz/damaged-vehicles/000000000006988722/2007-holden-commodore-ss-v-sedan-auto-sedan?referringPage=SearchResults
Honda,Civic,2005,No,$400,"307,132",1.0," Airbags Deployed, Front Damage, Impact Heavy - Front, Impact Heavy - Left Side, Structural Damage, Selling De-Registered","Automatic,",5.0,Petrol,https://manheim.co.nz/damaged-vehicles/000000000006998770/2005-honda-civic-vtx-1-5-4d-sed-cvt-sedan?referringPage=SearchResults
Mazda,Demio,2000,Yes,$500,,0.0," Right Side Damage, Impact Medium - Front, Selling Registered",,5.0,Petrol,https://manheim.co.nz/damaged-vehicles/000000000006998776/2000-mazda-demio-hatch?referringPage=SearchResults
Suzuki,Swift,2006,No,$500,,1.0," Interior Damage, Water Damage, Selling De-Registered","4spd Automatic,",5.0,Petrol,https://manheim.co.nz/damaged-vehicles/000000000006988782/2006-suzuki-swift-hatch?referringPage=SearchResults
BAILEY,Ranger 46014 GT60,2010,No,$0,,0.0," Interior Damage, Left Side Damage, Roof Damage, Right Side Damage, Impact Heavy - Rear, Impact Medium - Right Side, Structural Damage, Stolen & Recovered, Selling De-Registered",,,,https://manheim.co.nz/damaged-vehicles/000000000006998810/2010-bailey-ranger-46014-gt60-caravan?referringPage=SearchResults
Toyota,Prius,2007,No,$0,,1.0," Impact Heavy - Rear, Structural Damage, Selling De-Registered",,5.0,Hybrid,https://manheim.co.nz/damaged-vehicles/000000000006998827/2007-toyota-prius-hatch?referringPage=SearchResults
MCCORMICK,X7.650,2020,No,$0,,0.0," Engine Damage, Transmission Failure, Water Damage, Selling De-Registered",,,,https://manheim.co.nz/damaged-vehicles/000000000006998849/2020-mccormick-x7-650-tractor?referringPage=SearchResults
Volkswagen,Golf,2004,No,$475,"144,242",0.0," Right Side Damage, Impact Light - Right Side, Structural Damage, Selling De-Registered","Automatic,",5.0,Petrol,https://manheim.co.nz/damaged-vehicles/000000000006998875/2004-volkswagen-golf-station-wagon?referringPage=SearchResults
Mazda,MAZDA6,2004,No,$300,"332,134",0.0," Front Damage, Structural Damage, Selling De-Registered","Automatic,",5.0,Petrol,https://manheim.co.nz/damaged-vehicles/000000000006998877/2004-mazda-mazda6-wagon-gsx-2-3-m5-station-wagon?referringPage=SearchResults
Toyota,Markx,2005,No,$0,,0.0," Left Rear Damage, Rear Damage, Impact Heavy - Front, Impact Heavy - Rear, Structural Damage, Selling De-Registered",,5.0,Petrol,https://manheim.co.nz/damaged-vehicles/000000000006998942/2005-toyota-markx-250g-sedan?referringPage=SearchResults
Toyota,RAV4,2024,No,,"9,709",1.0," Front Damage, Rear Damage, Impact Heavy - Front, Impact Heavy - Right Side, Impact Light - Rear, Structural Damage, Selling De-Registered",,5.0,Hybrid,https://manheim.co.nz/damaged-vehicles/000000000006998947/2024-toyota-rav4-gxl-2-5ph-4wd-hd-station-wagon?referringPage=SearchResults
Toyota,Hiace,2003,No,$0,,0.0," Left Rear Damage, Impact Heavy - Left Side, Impact Heavy - Right Side, Structural Damage, Selling De-Registered","5spd Manual,",3.0,Diesel,https://manheim.co.nz/damaged-vehicles/000000000006998948/2003-toyota-hiace-3-0d-zr-van-5m-van?referringPage=SearchResults
Honda,fit,2004,No,$600,"237,767",1.0," Rear Damage, Impact Heavy - Rear, Underbody Damage, Selling De-Registered","4spd Automatic,",5.0,Petrol,https://manheim.co.nz/damaged-vehicles/000000000006958946/2004-honda-fit-hatch?referringPage=SearchResults
Toyota,Hiace,2016,No,,"180,024",0.0," Rear Damage, Impact Medium - Rear, Selling De-Registered","5spd Manual,",2.0,Diesel,https://manheim.co.nz/damaged-vehicles/000000000006948944/2016-toyota-hiace-zx-td-3-0d-5mt-lv-5-panel-van?referringPage=SearchResults
Triumph,Speedmaster,2016,No,"$1,500","55,362",1.0," Front Damage, Impact Medium - Left Side, Selling De-Registered",,,Petrol,https://manheim.co.nz/damaged-vehicles/000000000006918969/2016-triumph-speedmaster-a3-ml6-motorcycle?referringPage=SearchResults
Hyundai,Terracan,2006,Yes,$0,,1.0," Engine Damage, Engine Failure, Selling Registered","Automatic,",7.0,Diesel,https://manheim.co.nz/damaged-vehicles/000000000006998966/2006-hyundai-terracan-2-9-crd-5d-m5-station-wagon?referringPage=SearchResults
Holden,Cruze,2011,No,$300,"198,210",, Selling De-Registered,"6spd Automatic,",5.0,Petrol,https://manheim.co.nz/damaged-vehicles/000000000006948988/2011-holden-cruze-cd-1-8-at-sedan?referringPage=SearchResults
Nissan,Wingroad,2007,No,$400,"176,782",0.0," Front Damage, Has Key, Left Front Damage, Rear Damage, Structural Damage, Selling De-Registered",,5.0,Petrol,https://manheim.co.nz/damaged-vehicles/000000000006989004/2007-nissan-wingroad-station-wagon?referringPage=SearchResults
Subaru,Legacy,1996,No,$200,"225,796",2.0," Engine Damage, Right Front Damage, Impact Heavy - Left Side, Structural Damage, Selling De-Registered","Automatic,",5.0,Petrol,https://manheim.co.nz/damaged-vehicles/000000000006999012/1996-subaru-legacy-lx-sedan?referringPage=SearchResults
Toyota,Prius,2010,No,$0,"88,694",1.0," Right Front Damage, Right Side Damage, Impact Heavy - Right Side, Structural Damage, Selling De-Registered","Automatic,",5.0,Hybrid,https://manheim.co.nz/damaged-vehicles/000000000006999035/2010-toyota-prius-hatch?referringPage=SearchResults
Suzuki,Swift,2019,No,$0,"82,850",1.0," Left Rear Damage, Right Rear Damage, Right Side Damage, Structural Damage, Selling De-Registered","Automatic,",5.0,Petrol,https://manheim.co.nz/damaged-vehicles/000000000006999133/2019-suzuki-swift-sport-1-4pt-6at-hatch?referringPage=SearchResults
Toyota,Corolla,2007,No,$500,"194,125",1.0," Left Side Damage, Right Side Damage, Structural Damage, Selling De-Registered","Automatic,",5.0,Petrol,https://manheim.co.nz/damaged-vehicles/000000000006999149/2007-toyota-corolla-1-8p-gx-hatch-5-4a-hatch?referringPage=SearchResults
Ford,Falcon,2009,No,$100,123,1.0," Burnt 100%, Fire Damage, Structural Damage, Selling De-Registered","Automatic,",5.0,Petrol,https://manheim.co.nz/damaged-vehicles/000000000006999150/2009-ford-falcon-fg-xr6-sedan-a-sedan?referringPage=SearchResults
ROYAL ENFIELD,Classic,2020,Yes,"$1,075","6,227",1.0," Engine Damage, Selling Registered","Automatic,",,Petrol,https://manheim.co.nz/damaged-vehicles/000000000006989152/2020-royal-enfield-classic-motorcycle?referringPage=SearchResults
Volvo,XC70,2009,No,$0,"151,348",1.0," Chassis Damage, Front Damage, Right Front Damage, Structural Damage, Selling De-Registered","Automatic,",5.0,Petrol,https://manheim.co.nz/damaged-vehicles/000000000006989159/2009-volvo-xc70-station-wagon?referringPage=SearchResults
Suzuki,Swift,2006,No,$350,,0.0," Impact Medium - Front, Impact Medium - Right Side, Impact Light - Left Side, Structural Damage, Selling De-Registered","5spd Manual,",5.0,Petrol,https://manheim.co.nz/damaged-vehicles/000000000006989160/2006-suzuki-swift-hatch?referringPage=SearchResults
Volkswagen,Polo,2010,No,$500,"100,160",1.0," Left Front Damage, Impact Heavy - Left Side, Structural Damage, Selling De-Registered","Automatic,",5.0,Petrol,https://manheim.co.nz/damaged-vehicles/000000000006999213/2010-volkswagen-polo-hatch?referringPage=SearchResults
Suzuki,GSX-S1000,2023,No,"$2,000","5,194",1.0," Impact Medium - Right Side, Structural Damage, Selling De-Registered",,,Petrol,https://manheim.co.nz/damaged-vehicles/000000000006999262/2023-suzuki-gsx-s1000-trqm3-motorcycle?referringPage=SearchResults
Kia,Sportage,2021,No,,,0.0," Chassis Damage, Right Front Damage, Impact Heavy - Front, Structural Damage, Selling De-Registered",,5.0,Petrol,https://manheim.co.nz/damaged-vehicles/000000000006999267/2021-kia-sportage-urban-gt-line-2-0p-station-wagon?referringPage=SearchResults
Subaru,Forester,2007,Yes,$0,1,0.0," Right Front Damage, Selling Registered","5spd Automatic,",5.0,Petrol,https://manheim.co.nz/damaged-vehicles/000000000006899306/2007-subaru-forester-station-wagon?referringPage=SearchResults
TRAILER,Prescott,2014,No,$0,,0.0," Left Rear Damage, Impact Medium - Right Side, Selling De-Registered",,,,https://manheim.co.nz/damaged-vehicles/000000000006999340/2014-trailer-prescott-trailer--box-domestic-?referringPage=SearchResults
Subaru,Forester,2023,No,,,0.0," Rear Damage, Impact Heavy - Rear, Impact Heavy - Right Side, Structural Damage, Selling De-Registered",,5.0,Petrol,https://manheim.co.nz/damaged-vehicles/000000000006999352/2023-subaru-forester-x-sport-2-5p-4wd-station-wagon?referringPage=SearchResults
Mazda,Premacy,2014,No,$0,,0.0," Rear Damage, Impact Heavy - Rear, Structural Damage, Selling De-Registered",,7.0,Petrol,https://manheim.co.nz/damaged-vehicles/000000000006999355/2014-mazda-premacy-station-wagon?referringPage=SearchResults
Ford,Falcon,2006,No,$400,"173,067",1.0," Front Damage, Impact Heavy - Front, Impact Heavy - Left Side, Airbags Deployed, Structural Damage, Selling De-Registered","Automatic,",5.0,Petrol,https://manheim.co.nz/damaged-vehicles/000000000006999398/2006-ford-falcon-bf-fairmont-6c-sedan?referringPage=SearchResults
Toyota,Crown,2006,No,$0,,0.0," Front Damage, Front Fork Damaged, Right Front Damage, Right Side Damage, Impact Heavy - Front, Impact Heavy - Right Side, Structural Damage, Suspension Damage, Selling De-Registered",,5.0,Petrol,https://manheim.co.nz/damaged-vehicles/000000000006999401/2006-toyota-crown-athlete-sedan?referringPage=SearchResults
Honda,fit,2004,No,$600,"150,282",1.0," Front Damage, Structural Damage, Selling De-Registered","Manual,",5.0,Petrol,https://manheim.co.nz/damaged-vehicles/000000000006999418/2004-honda-fit-hatch?referringPage=SearchResults
Mazda,Verisa,2006,No,$500,"195,364",0.0," Front Damage, Has Key, Left Side Damage, Structural Damage, Selling De-Registered","Automatic,",5.0,Petrol,https://manheim.co.nz/damaged-vehicles/000000000006979647/2006-mazda-verisa-hatch?referringPage=SearchResults
Mazda,Verisa,2008,No,$300,,, Selling De-Registered,"Automatic,",5.0,Petrol,https://manheim.co.nz/damaged-vehicles/000000000006939655/2008-mazda-verisa-hatch?referringPage=SearchResults
Ford,Ranger,2020,No,,"60,635",1.0," Airbags Deployed, Chassis Damage, Interior Damage, Impact Heavy - Front, Impact Heavy - Left Side, Airbags Deployed, Structural Damage, Selling De-Registered","6spd Automatic,",5.0,Diesel,https://manheim.co.nz/damaged-vehicles/000000000006989686/2020-ford-ranger-xlt-double-cab-w-sa-dual-cab-utility?referringPage=SearchResults
Mazda,Axela,2005,No,$700,"247,061",1.0," Rear Damage, Impact Light - Rear, Structural Damage, Selling De-Registered","Automatic,",5.0,Petrol,https://manheim.co.nz/damaged-vehicles/000000000006989712/2005-mazda-axela-sedan?referringPage=SearchResults
Mitsubishi,ASX,2019,No,,"119,364",0.0," Chassis Damage, Right Rear Damage, Right Side Damage, Structural Damage, Selling De-Registered","Automatic,",5.0,Petrol,https://manheim.co.nz/damaged-vehicles/000000000006999725/2019-mitsubishi-asx-station-wagon?referringPage=SearchResults
Toyota,Hilux,2017,No,,,0.0," Front Damage, Left Side Damage, Right Side Damage, Impact Heavy - Front, Impact Heavy - Right Side, Structural Damage, Selling De-Registered","Manual,",5.0,Diesel,https://manheim.co.nz/damaged-vehicles/000000000006999726/2017-toyota-hilux-sr-td-dc-cc-2-8dt-station-wagon?referringPage=SearchResults
Mazda,Axela,2006,No,"$1,275","187,162",1.0," Malicious/Vandalised, Structural Damage, Stolen & Recovered, Selling De-Registered","Automatic,",5.0,Petrol,https://manheim.co.nz/damaged-vehicles/000000000006999728/2006-mazda-axela-hatch?referringPage=SearchResults
Mazda,Bounty,2006,No,$0,,0.0," Interior Damage, Roof Damage, Structural Damage, Stolen & Recovered, Selling De-Registered","Automatic,",5.0,Diesel,https://manheim.co.nz/damaged-vehicles/000000000006999729/2006-mazda-bounty-d-cab-w-s-2wd-dx-ab-utility?referringPage=SearchResults
Toyota,Vellfire,2008,No,,"238,337",1.0," Left Side Damage, Impact Heavy - Left Side, Structural Damage, Selling De-Registered","Manual,",7.0,Petrol,https://manheim.co.nz/damaged-vehicles/000000000006999731/2008-toyota-vellfire-station-wagon?referringPage=SearchResults
Audi,A3,2016,No,$0,"71,376",1.0," Glass Broken, Right Front Damage, Impact Heavy - Front, Structural Damage, Selling De-Registered","Automatic,",5.0,Petrol,https://manheim.co.nz/damaged-vehicles/000000000006999734/2016-audi-a3-sedan?referringPage=SearchResults
Subaru,Outback,2009,No,$600,"117,375",1.0," Front Damage, Right Front Damage, Impact Heavy - Front, Structural Damage, Selling De-Registered","Automatic,",5.0,Petrol,https://manheim.co.nz/damaged-vehicles/000000000006999735/2009-subaru-outback-station-wagon?referringPage=SearchResults
Mazda,CX-3,2020,No,$0,"27,277",1.0," Left Front Damage, Right Front Damage, Impact Heavy - Front, Structural Damage, Selling De-Registered","Automatic,",5.0,Petrol,https://manheim.co.nz/damaged-vehicles/000000000006999738/2020-mazda-cx-3-glx-2-0p-6at-station-wagon?referringPage=SearchResults
Nissan,Navara,2008,No,$0,"195,718",1.0," Airbags Deployed, Front Damage, Structural Damage, Selling De-Registered","Manual,",3.0,Diesel,https://manheim.co.nz/damaged-vehicles/000000000006999740/2008-nissan-navara-2wd-s-c-c-c-2-5d-ab-utility?referringPage=SearchResults
Honda,fit,2005,No,$600,"210,490",1.0," Front Damage, Structural Damage, Selling De-Registered","Automatic,",5.0,Petrol,https://manheim.co.nz/damaged-vehicles/000000000006999744/2005-honda-fit-hatch?referringPage=SearchResults
GEELY,LC,2011,No,$200,"76,444",1.0," Front Damage, Rear Damage, Impact Medium - Rear, Underbody Damage, Structural Damage, Selling De-Registered","Manual,",4.0,Petrol,https://manheim.co.nz/damaged-vehicles/000000000006999747/2011-geely-lc-5d-hatch-1-3-gl-mt-hatch?referringPage=SearchResults
Mazda,MAZDA6,2012,No,$0,"160,110",1.0," Right Rear Damage, Structural Damage, Selling De-Registered","Automatic,",5.0,Petrol,https://manheim.co.nz/damaged-vehicles/000000000006999753/2012-mazda-mazda6-wagon-gsx-2-5-5at-station-wagon?referringPage=SearchResults
Nissan,Pulsar,1996,Yes,$500,"219,284",1.0," Rear Damage, Impact Light - Rear, Selling Registered","4spd Automatic,",5.0,Petrol,https://manheim.co.nz/damaged-vehicles/000000000006989761/1996-nissan-pulsar-cj-1-sedan?referringPage=SearchResults
Mazda,Axela,2008,No,$0,,0.0," Ignition Damage, Structural Damage, Stolen & Recovered, Selling De-Registered","Automatic,",5.0,Petrol,https://manheim.co.nz/damaged-vehicles/000000000006999770/2008-mazda-axela-hatch?referringPage=SearchResults
Honda,fit,2007,No,$500,"197,131",1.0," Left Side Damage, Right Side Damage, Impact Heavy - Left Side, Structural Damage, Selling De-Registered","Automatic,",5.0,Petrol,https://manheim.co.nz/damaged-vehicles/000000000006999781/2007-honda-fit-hatch?referringPage=SearchResults
Toyota,IST,2004,No,$0,"198,054",1.0," Glass Broken, Ignition Damage, Right Front Damage, Right Rear Damage, Vandalised - Interior, Impact Light - Right Side, Structural Damage, Selling De-Registered","Automatic,",5.0,Petrol,https://manheim.co.nz/damaged-vehicles/000000000006999794/2004-toyota-ist-hatch?referringPage=SearchResults
Subaru,Impreza,2012,No,$0,"231,122",1.0," Rear Damage, Right Rear Damage, Impact Heavy - Rear, Underbody Damage, Structural Damage, Selling De-Registered","5spd Automatic,",5.0,Petrol,https://manheim.co.nz/damaged-vehicles/000000000006999797/2012-subaru-impreza-hatch?referringPage=SearchResults
Nissan,Tiida,2006,Yes,$0,"212,705",0.0," Glass Broken, Interior Damage, Impact Heavy - Left Side, Stolen & Recovered, Selling Registered","Automatic,",5.0,Petrol,https://manheim.co.nz/damaged-vehicles/000000000006999798/2006-nissan-tiida-hatch?referringPage=SearchResults
Honda,CRV,1997,Yes,$600,"351,099",0.0," Ignition Damage, Stolen & Recovered, Selling Registered","Automatic,",5.0,Petrol,https://manheim.co.nz/damaged-vehicles/000000000006999802/1997-honda-crv-station-wagon?referringPage=SearchResults
BMW,323i,2009,No,$0,"46,263",1.0," Left Side Damage, Right Rear Damage, Impact Heavy - Right Side, Structural Damage, Selling De-Registered","6spd Automatic,",5.0,Petrol,https://manheim.co.nz/damaged-vehicles/000000000006999806/2009-bmw-323i-sedan?referringPage=SearchResults
Mazda,Demio,2004,No,$500,"129,491",1.0," Left Side Damage, Impact Heavy - Left Side, Structural Damage, Selling De-Registered","4spd Automatic,",5.0,Petrol,https://manheim.co.nz/damaged-vehicles/000000000006999824/2004-mazda-demio-hatch?referringPage=SearchResults
Peugeot,207,2010,Yes,$500,"140,325",0.0," Glass Broken, Left Front Damage, Right Front Damage, Selling Registered","Automatic,",5.0,Petrol,https://manheim.co.nz/damaged-vehicles/000000000006999828/2010-peugeot-207-xt-1-6-a-hatch?referringPage=SearchResults
Suzuki,VZ800 Boulevard M50,2007,No,$675,,0.0," Front Damage, Front Fork Damaged, Selling De-Registered","Automatic,",,Petrol,https://manheim.co.nz/damaged-vehicles/000000000006969826/2007-suzuki-vz800-boulevard-m50-motorcycle?referringPage=SearchResults
Toyota,Aurion,2008,No,$0,"232,692",1.0," Chassis Damage, Rear Damage, Structural Damage, Selling De-Registered","Automatic,",5.0,Petrol,https://manheim.co.nz/damaged-vehicles/000000000006999835/2008-toyota-aurion-3-5p-sportivo-sx6-6-sedan?referringPage=SearchResults
Toyota,Corolla,2006,No,$0,"204,798",1.0," Right Front Damage, Impact Heavy - Front, Structural Damage, Selling De-Registered","Automatic,",5.0,Petrol,https://manheim.co.nz/damaged-vehicles/000000000006999836/2006-toyota-corolla-fielder-station-wagon?referringPage=SearchResults
Toyota,Echo,2002,No,$400,"149,346",1.0," Front Damage, Structural Damage, Selling De-Registered","Automatic,",5.0,Petrol,https://manheim.co.nz/damaged-vehicles/000000000006999839/2002-toyota-echo-vvt-i-hatch?referringPage=SearchResults
Honda,CRV,2017,No,,"60,743",1.0," Front Damage, Impact Medium - Front, Structural Damage, Selling De-Registered","Automatic,",5.0,Petrol,https://manheim.co.nz/damaged-vehicles/000000000006999841/2017-honda-crv-2wd-touring-1-5pt-station-wagon?referringPage=SearchResults
Toyota,Wish,2008,No,$0,"237,139",1.0," Left Front Damage, Right Front Damage, Impact Heavy - Right Side, Impact Medium - Rear, Impact Medium - Left Side, Structural Damage, Selling De-Registered","Automatic,",7.0,Petrol,https://manheim.co.nz/damaged-vehicles/000000000006999846/2008-toyota-wish-station-wagon?referringPage=SearchResults
BMW,X5,2004,No,$0,"160,970",0.0," Structural Damage, Water Damage, Selling De-Registered","Automatic,",5.0,Petrol,https://manheim.co.nz/damaged-vehicles/000000000006999849/2004-bmw-x5-4-8is-a-sav-e53-touring?referringPage=SearchResults
Nissan,Bluebird,2006,No,$600,"192,085",1.0," Rear Damage, Impact Heavy - Rear, Impact Light - Front, Impact Light - Left Side, Structural Damage, Selling De-Registered","4spd Automatic,",5.0,Petrol,https://manheim.co.nz/damaged-vehicles/000000000006999853/2006-nissan-bluebird-sylphy-sedan?referringPage=SearchResults
Holden,Astra,2019,No,$0,"23,804",1.0," Front Damage, Impact Heavy - Front, Structural Damage, Selling De-Registered","Automatic,",5.0,Petrol,https://manheim.co.nz/damaged-vehicles/000000000006999855/2019-holden-astra-rs-v-1-6pt-6at-hatch?referringPage=SearchResults
Toyota,Prius,2003,No,$0,"398,637",1.0," Impact Medium - Rear, Impact Medium - Left Side, Impact Light - Right Side, Structural Damage, Selling De-Registered","Automatic,",5.0,Hybrid,https://manheim.co.nz/damaged-vehicles/000000000006999863/2003-toyota-prius-hybrid-1-5p-h5-ecvt-hatch?referringPage=SearchResults
Volkswagen,Golf,2014,No,$0,,0.0," Right Front Damage, Impact Heavy - Front, Structural Damage, Selling De-Registered","Automatic,",5.0,Petrol,https://manheim.co.nz/damaged-vehicles/000000000006999869/2014-volkswagen-golf-tsi-hatch?referringPage=SearchResults
Toyota,Corolla,2004,No,$0,,0.0," Front Damage, Left Side Damage, Impact Heavy - Left Side, Structural Damage, Selling De-Registered","Automatic,",5.0,Petrol,https://manheim.co.nz/damaged-vehicles/000000000006999901/2004-toyota-corolla-1-8p-gl-hatch5-4a-hatch?referringPage=SearchResults
Toyota,Aurion,2010,No,$0,,0.0," Airbags Deployed, Left Side Damage, Impact Heavy - Rear, Impact Heavy - Left Side, Structural Damage, Selling De-Registered","Automatic,",5.0,Petrol,https://manheim.co.nz/damaged-vehicles/000000000006999902/2010-toyota-aurion-3-5p-at-x-sedan-6a-sedan?referringPage=SearchResults
Toyota,Aqua,2014,Yes,$0,,0.0," Impact Heavy - Right Side, Vandalised - Interior, Selling Registered","Automatic,",5.0,Hybrid,https://manheim.co.nz/damaged-vehicles/000000000006999903/2014-toyota-aqua-hatch?referringPage=SearchResults
Subaru,Impreza,2001,No,$300,"242,954",1.0," Right Side Damage, Selling De-Registered","Automatic,",5.0,Petrol,https://manheim.co.nz/damaged-vehicles/000000000006939901/2001-subaru-impreza-station-wagon?referringPage=SearchResults
Peugeot,307,2002,No,$600,,0.0," Right Rear Damage, Selling De-Registered","4spd Automatic,",5.0,Petrol,https://manheim.co.nz/damaged-vehicles/000000000006979910/2002-peugeot-307-hatch?referringPage=SearchResults
Toyota,Prius,2012,No,$0,,0.0," Left Rear Damage, Rear Damage, Impact Heavy - Rear, Structural Damage, Selling De-Registered","Automatic,",5.0,Hybrid,https://manheim.co.nz/damaged-vehicles/000000000006999922/2012-toyota-prius-hybrid-hatch?referringPage=SearchResults
Honda,fit,2006,No,$600,,0.0," Right Rear Damage, Impact Heavy - Front, Impact Heavy - Rear, Structural Damage, Selling De-Registered","Automatic,",5.0,Petrol,https://manheim.co.nz/damaged-vehicles/000000000006999925/2006-honda-fit-hatch?referringPage=SearchResults
BMW,X5,2003,No,$0,,1.0," Right Front Damage, Impact Heavy - Front, Structural Damage, Selling De-Registered","Automatic,",5.0,Petrol,https://manheim.co.nz/damaged-vehicles/000000000006999928/2003-bmw-x5-4-4-auto-sav-touring?referringPage=SearchResults
Nissan,Tiida,2006,No,$525,,0.0," Front Damage, Impact Heavy - Front, Structural Damage, Selling De-Registered","Automatic,",5.0,Petrol,https://manheim.co.nz/damaged-vehicles/000000000006999929/2006-nissan-tiida-latio-sedan?referringPage=SearchResults
Subaru,Impreza,2011,Yes,$0,,0.0," Left Side Damage, Impact Heavy - Left Side, Selling Registered","Automatic,",5.0,Petrol,https://manheim.co.nz/damaged-vehicles/000000000006999952/2011-subaru-impreza-sedan?referringPage=SearchResults
Toyota,Yaris,2014,No,$0,,0.0," Right Side Damage, Impact Heavy - Front, Impact Heavy - Right Side, Structural Damage, Selling De-Registered","Automatic,",5.0,Petrol,https://manheim.co.nz/damaged-vehicles/000000000006999955/2014-toyota-yaris-gx-1-3p-4at-ha-5dr--hatch?referringPage=SearchResults
Honda,Cr-z,2012,No,$0,,0.0," Left Front Damage, Left Side Damage, Impact Heavy - Left Side, Structural Damage, Selling De-Registered","Automatic,",4.0,Hybrid,https://manheim.co.nz/damaged-vehicles/000000000006999956/2012-honda-cr-z-sedan?referringPage=SearchResults
Scania,R,2009,No,$0,1,1.0," Engine Damage, Fire Damage, Structural Damage, Fire Damaged, Selling De-Registered","Automatic,",2.0,Diesel,https://manheim.co.nz/damaged-vehicles/000000000006989976/2009-scania-r-480-lb8x4msa-articulated-truck-gvm-32-400kg?referringPage=SearchResults
Suzuki,Baleno,2022,No,,"41,516",," Front Damage, Impact Heavy - Front, Selling De-Registered","Automatic,",5.0,Petrol,https://manheim.co.nz/damaged-vehicles/000000000006959985/2022-suzuki-baleno-glxa-1-4p-4at-hatch?referringPage=SearchResults
Toyota,Auris,2010,No,$0,,0.0," Right Side Damage, Impact Heavy - Right Side, Structural Damage, Selling De-Registered","Automatic,",5.0,Petrol,https://manheim.co.nz/damaged-vehicles/000000000006999991/2010-toyota-auris-hatch?referringPage=SearchResults
Toyota,Passo,2007,Yes,$0,,0.0," Glass Broken, Ignition Damage, Vandalised - Interior, Impact Medium - Left Side, Selling Registered","Automatic,",5.0,Petrol,https://manheim.co.nz/damaged-vehicles/000000000006999993/2007-toyota-passo-hatch?referringPage=SearchResults
Toyota,Markx,2004,Yes,$0,,1.0," Glass Broken, Ignition Damage, Vandalised - Interior, Stolen & Recovered, Selling Registered","Automatic,",5.0,Petrol,https://manheim.co.nz/damaged-vehicles/000000000006999995/2004-toyota-markx-250-g-sedan?referringPage=SearchResults
Toyota,Hilux,1999,No,,,0.0," Ignition Damage, Vandalised - Interior, Structural Damage, Selling De-Registered","Automatic,",5.0,Diesel,https://manheim.co.nz/damaged-vehicles/000000000006999997/1999-toyota-hilux-surf-station-wagon?referringPage=SearchResults
